CLT-a6e01e92-d7a7-4976-b03a-309aa2e0c752,Jane Doe,jane,pass,student,S456,false
CLT-f556ee41-dcae-496e-927b-9dbf3ab0853c,Charlie,charlie,pass,student,S678,false
CLT-e855c7d2-647b-4afd-a2ac-19d8ee454beb,Bob,bob,pass,student,S012,false
CLT-0a8ac310-dba0-4e7f-bbcf-8de60c526cae,Eve,eve,pass,student,S345,false
CLT-eed4cf6c-e106-4256-a170-12819aa4e10f,Alice,alice,pass,student,S789,false
CLT-7a7be3b6-3c6c-4273-86c1-7bd3ae31fdb5,Dave,dave,pass,student,S901,false
CLT-0885291e-69ab-4f81-a0f0-397a4458eaab,John Doe,jdoe,pass,student,S123,false
CLT-9d2bade6-d5e6-441d-aac9-4ab2b1f4461d,Test User,testuser,password,student,studentId123,false
CLT-722b9168-cad1-4756-8d43-872aa358eee1,Test User,testuser,password,student,studentId123,false
CLT-e2b7ac4f-6518-411c-9946-211e44be4b2b,Test User,testuser,password,student,studentId123,false
CLT-b75916fd-d88e-4622-881d-3ce4ce445eb1,Test User,testuser,password,student,studentId123,false
CLT-91f6b0db-ad6a-43e7-b21e-6f02bfb7c4fd,Test User,testuser,password,student,studentId123,false
CLT-07574fbd-5a30-4a2a-bd21-09d9b03f9ec7,Test User,testuser,password,student,studentId123,false
CLT-2803c59f-22d9-4aff-beb8-5e4947bba544,Test User,testuser,password,student,studentId123,false
CLT-36e2ba11-778c-4664-a636-e2da0c2ff562,Test User,testuser,password,student,studentId123,false
CLT-40a7ed39-f118-43e3-92ca-164b3ecbd7f3,Test User,testuser,password,student,studentId123,false
CLT-29f9afc4-0a47-4425-85f8-40611a5f7399,Test User,testuser,password,student,studentId123,false
CLT-f055042b-d3e7-48e3-b306-516d26a4f4fa,Test User,testuser,password,student,studentId123,false
CLT-49c8db60-f2ef-4b29-abc3-51703b9a238a,Test User,testuser,password,student,studentId123,false
CLT-a2c26448-757b-4b43-8228-e53570b39588,Test User,testuser,password,student,studentId123,false
CLT-d2a73553-7937-4d08-ab8d-651b745b71cb,Test User,testuser,password,student,studentId123,false
CLT-43bd400a-5e1f-49bd-897e-c370e0b11c55,Test User,testuser,password,student,studentId123,false
CLT-92af976c-c407-4dbc-aa7b-d26c70a7e3e6,Test User,testuser,password,student,studentId123,false
CLT-0cf78786-4a59-4285-ab0e-7f6335f99b59,Test User,testuser,password,student,studentId123,false
CLT-d4159ff6-ec72-4705-9f1e-ebee000164a0,Test User,testuser,password,student,studentId123,false
CLT-ac483de4-6ff0-427b-be3d-c10157cf0e44,Test User,testuser,password,student,studentId123,false
CLT-aca2b3f1-6e6e-4b14-bf2a-7a9566778431,Test User,testuser,password,student,studentId123,false
CLT-96a24d98-43af-4788-8588-ef7bf5e234ca,Test User,testuser,password,student,studentId123,false
CLT-5cd6de07-b221-47ac-b633-8a4b33afadf6,Test User,testuser,password,student,studentId123,false
CLT-646262d4-dce6-4689-bce3-3aa12216c26b,Test User,testuser,password,student,studentId123,false
CLT-3ba98173-f66d-4588-aa72-d7b0dc22b3b1,Test User,testuser,password,student,studentId123,false
CLT-da5d452f-3a8c-4337-a702-cb6854d91f07,Test User,testuser,password,student,studentId123,false
CLT-eaaabdf2-868e-47e0-b586-6b136d376c6d,John Doe,johndoe,pass123,student,S12345,false
CLT-cef4e11f-bc4f-4469-a240-c82b3dc24841,Jane,jane,pass,staff,ST001,false
ef4583d5-23f6-4e0f-b0fa-2aed8b4fb955,ApOjK0gO,fuUyPgDmjW
1cd449b8-091d-4ad9-99f9-efec6a3812c9,eeTGViZp,ESyFeuN8gh
CLT-31088132-8613-46f6-8004-00df0208ca3d,John Doe,johndoe,pass123,student,S12345,false
CLT-13d3f2ac-2282-42ae-b391-d19b40cd65f8,Jane,jane,pass,staff,ST001,true
a11eed94-5ac1-4c2b-9169-4b317fae24e6,YLeSLJgV,GCvbdRLLbK
ed8f6322-c37d-4b53-94d7-5148a69a3668,lqfe8WfZ,MJAAq5PYfy
337eec6e-d26b-426f-b7dd-77cf70d18e26,8TkHiPJ7,bjWsdhKaqO
7c857370-b8a5-4a11-8a80-09c2470f3fed,Cm9ldrWI,Lb8idrIdlh
05cbcd8e-b9cc-442c-a1f4-11c64655c4e4,DJEFQXRz,KFj77fTqH7
a7ab4d04-9459-4156-a7b2-8328bc53ab0c,yiCAlrII,9yNdtdEToY
2618d5e3-3505-43ef-b1e1-c2d9a54e86a8,hXDCoVqm,J762Gz1i8e
9bc7d228-4647-4ff2-9ea3-67fabc04f900,MTZrqIqv,9FOOSZliPd
1dfa5d3f-5207-41f2-ae27-def64af87f60,3zqeDY8G,nhwjweo9px
b2270aad-f5a5-4f3f-8d4c-6e25961896cf,H2K2EdXJ,8do2KMWTxC
bb767f60-9a9c-4a1d-976c-1c556c8ffd1b,NhfQH0Ru,z9pePc1hoQ
5e1e2942-d545-4ad2-954f-725ce56b7c3c,6cCc5DEH,ZYcTZU3n0b
c71cc2d0-35bf-449c-b319-fc110a908bba,DSiby8Pn,ZTd1wznNo1
8c57d8a3-efbe-4a18-b127-55c022955793,cIBbOkzf,i4y4Tu6dem
5770e68e-7c83-4b5f-9d8f-34a6c7c4775f,sU7Jpuh9,3hAw2KcKdD
75a711aa-1a5e-477c-8c3e-5c1f23639583,dU6qhJUe,3hYP4W9xFs
835e585c-c61a-4456-a058-1cdcd1e47d9b,JgUmlfix,NnCWArOSdn
980bd8b3-528b-48a6-abc5-62728cd49e02,R1mtB2ro,mNXHXeMmS8
c9e13d68-54ea-466c-bea4-946b5512b1c2,Z7HCDjCn,cZQXnUbdVH
93ccb3f4-7e8b-49ea-97e4-49a2e92c7e2f,ifGzTDzU,1phFe3GCNp
09c76f6b-d033-474e-a9ef-36d94e6d8828,ByQWtVe3,EldEhXZbII
a3f50245-700b-4c49-9935-5765278e6da9,8ctD4iHR,becbt21uLO
53c089eb-af71-4ca7-b075-ca9b2309d17d,RrcWvZLH,AMwcosnRdw
9523083a-b43e-432d-9b10-62c1d6890e08,Ey07a1q4,dzH443SOgZ
ef69fc80-083d-46ea-84e5-db4c68e3e032,0LIPFikN,ac0CfsVzms
d83cea2c-77bf-4f4c-bb16-d70706f0a7ac,Q99mvLQ3,QIUHGJsSjW
a0101bbc-0528-4d02-9072-65cad64c26b9,VGwwpHQl,FejGqAzJLs
d76e06d1-8c7d-4b18-87ac-7418f9c4971a,LQZZEKo7,YRSAJkYtxV
3d297a09-f19c-4e7b-ae17-bf4f516189d9,RRr9H9SR,VrIeO0iaFS
1685d025-595d-483a-8d52-b3024b050571,j4Z715c2,JHxAC4bSsp
c7e61e01-00c8-4b6f-8b5d-c44d84b0e055,jaohGria,dAJaO5qgtg
f864cc22-b4c7-4f24-8f1d-03d616a99f76,HhOQ3Uyo,hgq0aTIoGq
588ff8ea-5571-454c-83d0-577ddf43322e,Dqu9PghH,qG2vkO5pDS
74a1334f-41a3-4e8b-bbd3-915395869a64,kYtb1XSP,H2d4pPUz3E
d0d68cca-4c04-4f7d-8f6c-b4350ec1bb17,kz0hYYv1,h9P3gUzVQP
85444719-3e3b-471d-a218-bedef69066e1,hwglkRx2,WwSmBG0FWw
f0a5f779-c616-42ba-94c2-f9c15cf51f7c,lsNncggY,kIf9XOel8I
618c7001-d8ec-4657-bad0-84f58b75a8fc,zo8I36bN,Yr0WoDa5o5
d76dc5e8-c4e1-4020-abab-7935f167129d,tAGUZfmd,5xnNwonvq2
9566e91c-172f-4153-8c79-020857c6c4f4,C3YuYZSs,cQGsEUb5SV
8633fd04-e7b0-4eeb-8e47-3e823477e10e,vT1URO4Y,MTRqD7uRvF
648599c1-171e-4054-a48b-cec4a71d55f2,ncSChCJ1,bezVtVWVCJ
d94103cb-95cc-468b-bce0-3408c98a4291,9uDl8hIk,g0ttZxFlRM
e78ba103-ebe0-4a43-a85c-0b3561312d7c,9wUyCTDp,BYVQI8FOIv
1a827396-0bbe-40fc-bc4e-01dc5c980005,Z7XBoVxq,A9h7aYPXAt
27b43d5b-8218-4080-be9a-f81a337b6bce,QByMkfYG,bo9Yi2UhX8
4201a1ca-f0a1-42c1-a890-1d43df4bbf52,94YxPU0t,IIQ4CxwVIM
c326c5ef-1f0f-48b9-b130-ef02d647dfe9,sXxV5XyS,qWdDPVOPc4
67e23d8b-5f86-48c3-b70e-42b47741d024,uXpG90we,TvUftUTEBj
19b8da69-b49b-47bf-928e-dc26dc93f95a,XkJg7noy,FT1GKmTUhW
a670d9d4-dee0-4bbb-b6b2-9f8b851b67cf,q9KmHvFk,3Wm54uVlYh
4ccbcdf6-8caa-42df-a0fd-75c73f310543,HvfbO4Qj,Mcbp0EFT2I
cc2ffed3-e0bc-473a-8a19-65f6e5484bbc,p5Y44lkX,0OZAHriX1T
3637be34-2264-4d18-9f30-2df91a470a30,WR0E3epm,bEwaSIltDw
dfb72328-8183-4952-8551-761fc87ada71,GGUH26X0,l6T5WnnvAP
439bd180-059d-4b31-ab2f-4f777f6a598d,ADdG45Ny,pnlPfJNK04
9cb46766-3789-4edd-83fd-f1e413cdc434,ZigQjbm2,PdsTGNhvgo
1b39f9ec-6efd-4060-8008-0038ee1b39d4,J6EviQZ1,CePhgWPUQY
987569c4-6d6c-4159-b2ea-cd1c53aab547,Xk4wt6fp,sGftI5NuAf
b90d9221-caf3-462b-b8e6-4015f89f2fb0,rYFJhPvh,wleCArLKcY
3a0e9476-9506-4f78-a01b-10061e4b23f9,lWSSFCXZ,1rTuI2rDHy
44fc9019-040c-42bf-81db-be18341a5a29,AYDFedYp,naLvsy8WdV
55ee0891-6c72-45ba-989b-ad0590545aa7,OoHlr0BV,VzgrDtNEfi
49767ef1-5ec6-4846-8437-2abca33f852e,XfbPt7Ut,iLN93pp7qY
dee58bd0-28b4-4b90-8c30-721ae89c0118,6YhZmghi,RIL5Govxgr
3950e155-84c6-43bf-9a4a-9f629f79c797,XwtdEd0y,7jpv4PjwlS
6c618547-1ec6-407b-b122-9817a49171c7,vK2nmqCg,BBNzCAoBw3
9d714940-ad9f-4313-b235-973acfff553a,SgWaXPqa,PuzLNgNXHZ
81a6a405-8001-4d87-8691-db7558de69fc,ZWteN39a,OloqjmrQM2
5f2e2173-7c9e-46f4-9d21-cc88ca660703,HO1J6QMx,ye8sz1u1qm
e0d02ea0-ebc2-4800-ae12-167d43acba17,mWM1YJOZ,2hdtoEj2W6
d821bb1b-8c53-4ff6-b51a-9d7fb3106aa8,ASKlQhHa,VA6x9BSdMk
fa435098-4886-47b5-8266-22921cbfe822,kwgb4bm0,Jz5eLfCg2v
421a9a84-70ea-4b6a-ba8f-ca4fd0be7ed6,M41HSsKB,4Cu5Ns8Am3
737ddc78-b293-490b-8852-c56526b157a1,L7L6ibQ8,uwtZzbfD7N
d12cf245-9c0f-43d6-a631-86855656880c,drZZ20C5,VqySr3uX7I
4128cdea-2564-49c8-ae5d-f8aae79b38ab,s59RzYC3,jkn7OZneY8
75dc20ce-fc95-4251-9d46-877b70f82afc,JjZ9Psbg,ruFd2oMdHj
dee9ceda-567e-47c5-80a3-a82f621aa0a3,OPFvb02T,pR4Y2LDvQf
59709df8-dc79-477f-9abc-1a8676f85dda,wfODlCKB,wYjCzS4Ndb
e286c277-bf46-45cb-aaac-97be43b5395b,8KXII7Fu,5zopS60Hq3
10b25e59-d5e1-493a-a89f-9c405e2ec40d,QZF0QASF,763FQYGwXt
8f849bf0-a518-4488-bbac-ecb7a0569052,91QPs9Wu,dqVLeol76B
43fe456f-6de7-451a-969a-77bb64e4c082,qQj8ZBpC,hxcyFZt4yL
83d11e26-6582-4b9a-9610-3d751d8b0039,rptTIMWC,9UMO7GNKyZ
3aa00a47-cf6f-4cf9-bb6c-722a6029b5c7,VvnDbWjP,rrXR39d32w
c71f0b96-029c-4240-a051-e89da624a2d4,fYkeOe2J,b3fu0bPT8a
26b42cee-392a-4fd9-9986-0d9c0dbc540c,wN7zcKwz,ZuDdKwICtc
1760491c-18f1-4553-8fc9-86eb9ea14850,hFmwRtIK,r9AosyiiXu
184794db-fb03-4b88-8f6c-4b99ce380c87,Si0Xxc0m,0yyJhY2PpM
1d5b3458-ddd2-4d37-ad22-1e523a170f03,IFIejykC,yDm9xSFn6M
ba22949a-9d93-4550-8bc0-793e3e20dd36,CU8ny2xo,ZtjU0xTy2I
bdec1dd3-2adb-443f-8a0b-42786e77bb70,2jzp7HIZ,FiZO53twgs
b43266cd-449d-43c0-8175-7c763fb03588,VFrDMAPg,Mp76GHsmsC
0b77775c-5d0c-428e-821f-114fa1fc946a,tvvkoCrl,0thse87nXS
0977576b-491d-43af-9d0c-0f8fe8a71582,qO04dEQS,f0J8e9oe0b
e9137e78-b3f5-422d-b596-570647e76f3a,ks7ElJFe,B9BK2dTn3r
8bbc7ee4-0d00-493d-aa95-5f70c4c21875,1mCXHUnH,g5InFMmhxI
a64e0ef2-7688-4bbb-a7cc-01be5ce98e3e,WU3miNwP,mRSri8jNyq
91cfef5b-4dfb-42b2-8af8-7f9169aaacce,SPvjV6ve,h7VHrnkcYj
6dd0f4b2-ec0b-4c5d-bdd2-954ef2f8a55c,BNZWrGKp,Zg9tqXC2m4
33e8d5ee-3480-46f1-9a3b-128ff306f23a,mbr7W29Y,VgInrRKuQh
3f482a86-8f11-4e05-a32a-365eb76b98c9,Wq8r4pPK,frmVW0cwWB
adaccb18-eb10-4b8f-be68-c7cbfc43faa5,z6CqIXBI,9ecGrihsUR
12cb3d44-ca48-4770-9e37-0b24cfe67ba6,1uBhphTS,wmp1r5ycW7
8de854e8-2bb2-4c0f-933f-19c32242e8c9,jeScQtCY,u71T49oaPT
4cb048ab-0f20-4967-848a-48e6f5542799,4jycBQo9,Hwi8tBIFtB
b41f59df-de20-4df7-a4ce-08ff8353bc8e,6ZTXO4Eg,HkjyISneEv
a57bffcb-2a0c-4fba-90ce-0b0273ea9040,HVe66sI0,ZLReeMxh0d
25b1bf4a-f482-445f-95ef-cc1a0bd4a502,qZmuzLeO,KHlVtv1NWA
2fd32193-23b6-42ad-85fa-7c4c1ad39978,7qorzs4A,cbotEiLwDq
22dfe152-54da-402e-a1f8-efe88a6f265b,deAN394Z,Pd2XDNG4jD
443dc0ce-f6ba-4946-953e-4b961e591720,jxK4pfUu,TA0a2kuLw9
1554e6d3-7f22-400b-a608-2bf12daade82,baTQ9mse,yGoppoZHDU
b03e786f-4fb2-483f-a9fd-b0b1f11bea02,2ycWfiGN,lcKSRFcVCB
9650f535-0533-475a-991f-2946d50470bc,pJJSUlE4,oRrX89HNoL
08ba6609-b89d-4db9-9b20-24541391a83b,NklmVoYQ,iQLcnSXu7C
64a1dc68-0999-4d3d-b286-e66baaaf8bfa,nhmO8UUH,WD11pvwqzy
64c408ff-5627-4308-9ceb-094edb3d7d47,fZxvE5Gf,wBgDJglPYq
a8601429-31f8-4e0b-b57b-004d9882fd42,T1Cx8keD,WG1M6NKvxI
df9b4f87-a884-494c-a3c0-7993401447a8,6R0m9V8O,B21r4SqDti
86978ca6-78f6-476e-9e9a-daa1e71e9790,q8spLNtO,ZAk8kwJeAB
5b8ae708-5105-47b7-ae57-74a49e6763f7,uiY3hPq7,jGQbGQXwxq
bee6d3a8-c7c6-44dd-88f5-8524bf71965b,N7iEPm44,4Kil4VkLAP
7263f752-55e5-458b-b308-d87a210544e5,sHkbhW0i,IT2XxtyVMC
a27bddde-7774-420f-af3a-8482ed17f468,jsnbreb3,Y27E5Oyc4M
ad946729-67f6-496e-ad74-e11ed5107024,QNwqcixX,cEarYDu4oi
caa65b85-f797-46d8-a585-a3a8a893cbf8,HjU4SLJp,VMedfuKY3H
2845430f-9d4e-4895-b8af-71c8bb56b650,5PjPSxld,DUCVpFeluf
141ed0a7-d14a-4014-b76d-98023c463609,It1Jkkci,fJSzs8MBdt
9fe02a39-8b6f-4959-a719-00bee65d22d2,muJX4FpT,7qJrfoZazj
5f2316df-a5f6-42f2-8483-bb7d4cb7808f,U74JJsAk,BgbfRjoXUp
5bda327d-4d66-4402-9580-ffc47c7e4abe,m6I88gIY,ygEKwfubVF
9da68ba6-622a-4982-8710-9df685a0d041,9NdiCwEK,8WAvOTGnAB
f2a55e21-8de6-498d-a870-20d7e9b72431,q5L5QLxi,HdcsgX9jwz
c215e4d5-510a-4c32-9025-3e64f0a69909,45NbB0yc,kSQV3TlqHj
1ba3d974-3f88-4aa0-8a85-c58e5f414897,8XPMLlC2,MOpfUsbELL
fa3e6136-efb6-4b09-8758-9c8c29fcfe91,JKcneN05,aQ4bY9eUBM
e570b62d-361f-4fa3-972a-fec35c2a8e1f,LNiVfVs0,eOg8Ks2ITe
75b17951-b9c7-4e28-b70a-54a4856b7f47,gx4pvmwB,tVKUhSOOiP
8cff90f9-0427-42d4-94e7-40c918efdf9a,cfikeo4g,RIAkOKJwUJ
d37ddf6f-fe7f-4a78-8d81-aaf21f44eac7,mAMnMiKJ,cFRfWi1PZg
4be00b4a-3368-4c79-8cb2-cdbe1e06babe,MkMYrheB,jvQvqfaGKO
80e9e2ab-eeaa-412d-9539-fee10a750019,N0v6uON4,CeisXMW7vJ
708dbe00-acc3-480e-a61c-89ea6a58d1a7,kivHyPJi,dO2oLHdYNX
d55db8cc-895d-44d1-afda-4853723eca3e,OTfsgjsd,MjOM3GnfLx
42be931f-bd81-48b0-80da-7686d36513af,AXH3cL5A,OhUBVL1pZp
bfb99a59-a7ed-4d46-bc83-3a447a8daabb,9zkP5T3i,dyDROXSAZP
db62f84b-184f-4591-ad6f-81ee5eb0e604,jFdbzxN4,k3U360wdZR
29b2a052-509f-4793-993c-8e9d20993975,JtWus7Fz,sSNTfKxuvr
1f40d499-1e87-47f0-a276-07f9e166bcd0,efUjAKDO,5cqeWs47wx
70122de7-dc78-4255-8c14-f71158d17fe1,5Xpi1Xds,k3eRIERiRI
3d06e285-a023-44be-9ca8-fb489676755b,5Zf4s5T1,0yGWOrsTTm
aca984ab-ca1f-42f7-b629-b96d0f665087,9sP9iKQU,FwKtUezF4u
cb0925d5-e001-42b9-9462-d910bb7fd9c7,UxXp6BC7,e325hUoCMP
0d423b66-7beb-4615-ab60-e5eb90ee4ac1,AbpepqB7,mU1SQeXC19
1af143e6-c07d-40ea-9f0e-2e74d9de5319,A98dsmrl,vJcg8TnHHH
ab939187-a623-4b48-a12f-226b2e44b15c,2F2WP4hY,OdchtSonLh
72603438-d46c-49b3-87ce-ebbcaff14868,8EuRykK6,qXRTN84TWV
a00cda46-1840-4568-878a-67084e6d572e,vTXYaDyM,UpgZgHQzmh
732a3917-fc67-4286-989c-8f19e2791a76,SoyHSZU1,Km1UoNNAPU
2b2b6c19-d499-40c5-8a39-05d2aff6a815,kw4LTMwq,fL8DvKOa4j
d4dc5d50-5ac3-4f24-a59e-5d1ceb3c4d33,JL7e64JR,ebg04wIMYg
86d3b223-574f-4de7-b7bc-b69e8f423007,1u32pFv2,nDkq2OTuK0
2ff68562-bdd6-4b3b-aada-dcf3f63b1a89,t65m7bI4,ExmChCmoDs
3d28db25-f067-478e-8d72-8a0ca64f8db6,llIquglu,E9Y9VTTagK
07af42f6-30f2-4fab-bef8-e20e03f80951,7K8tXjSb,qveoTYgcv5
bd0218fa-97ca-4069-a952-648a8b624ca0,pxBRtKyt,JAZu739cLE
60b8e47c-c56e-4efe-a471-f63f27f74900,eSxbC5JV,Ya1ATNF990
32786723-b905-44fa-acb5-76f409d66c4e,klTeTXwi,4zmjJXTY4T
080548b1-c114-4200-9cd0-a7ef42940a6e,mTl2YhVG,OGW3HUllCL
0832131a-2b89-4282-9baf-e2f9d7ef0986,JWw2GHIm,Uqytz7vI8h
cc8c6c64-6251-4897-8023-807b90c6f475,gie6a5AE,ChMxq02lIX
10fc0f3d-5901-44ca-bc1e-8c23ecd499d2,TtMhy0FI,J5RNddiKT9
dae768b5-e2f2-4ef0-b5bb-03cb61242980,OuwTfwUi,7BWHuSF4U6
ce4484a5-e6c6-46b1-89df-d7f04f7c5dc2,5n8AajZE,GZpbO4uaUF
0477724b-b59d-4b6f-a9c6-598bdc09c659,EIHc2tRh,ndTTAtWriW
7d01bc2c-e3da-47c8-80c7-47dbeff19350,Ruhkgc8S,207pDQGvbB
a77c0c66-81d8-42bf-971c-bd37844d4053,sHWMyeDj,Ky0BpMLdkW
58e530f7-4432-43f4-865a-a79e46798f4f,rRssZwv7,PZbKBHvX1h
03fa48a3-8ead-4c54-bd54-6b947397bbe9,zx6AjaUG,nQ7TERivrM
ae9ada7d-a6c7-47fb-afa2-6ff8d33a26b6,VRsT6oTK,ESH3OTQOU8
7d185e25-e648-4749-ac3d-5018efbf3796,m6DXGfqs,HAfOkzqJps
9a641ad9-b346-4286-854b-ef5b17621f41,XDuNo8mL,oueH6ah16J
7c55369b-53da-487b-81b9-0861dcf7eea2,wAIroCTY,53ndcKbrdw
5e9cd2f4-d343-4917-9f76-625e31bf5227,72SvdXtr,vThYfaaBEC
9bc2526d-3bb3-4fc3-bfcd-e465d56479b0,VTQy2eS9,25uzK60p0P
d3422f4b-1b26-4ad1-98e4-994c50635290,mhPcNI7A,QunGIVlpvj
acec2404-9505-492f-8d0e-835f6b28e5e8,24p6EbdF,DX12Vp12O7
1bbc2d45-b7f3-4029-ae8d-450f5dc00899,mIKeDqrr,tnpJv8Dmz8
0ff57cab-2a72-4a3a-8a15-1d77733a078b,90Cd8XKr,4peYml7A3j
6ce3a68a-6cc8-4b7b-b2d4-e073f0161380,TerdyOFD,fGrCDdbmYC
0feb6c3b-312a-4a2d-911d-ebe0778d75ff,9BLsuqdC,HaxJADWF7p
604a1773-09af-4522-b965-3c19ea715e4a,75ExGqBQ,yZegKfgxWL
448b9f78-3d27-41c5-8f20-caa4d0d73022,fb7rEGBW,VNb9lnFZS4
df799ed7-314f-4494-9a45-607bdbcc31f0,l0KycB3R,9gIV8pzkaV
3b8c8dc4-6658-4ff3-a56c-45d58e41ba35,urgleS15,aATu5xNfq8
4be9233a-35be-45e1-a63e-fafb8bee70d9,O6B10rGs,t0JKxyaWxG
7e270a7d-aae8-4d4e-8886-e0eadff9e6e1,CUwrsw5t,tPAkGctXAz
99a37773-aba4-433e-87dd-af9434a41543,dO3cl6kg,0PsJvx6qe6
d5cdef0c-ee76-46c0-97a8-ceba0ce9e2ba,nLejGClR,8ll8EistTi
69e8b596-01e3-44f2-bb48-6222dd1a00c8,MbTalOWA,Abh2x25mX0
a800ba9c-a3fd-44e4-b8e7-ed51fe3268c9,ByHYIImR,Y7obZKOyGu
fa65f134-7555-486f-aeb3-cbfad72af217,HcVcWFhN,aK9eSoS2ff
023cc75b-4dd7-4ca1-bacb-80f3b9f38f9b,Q6ZsOrng,96gmpWH8ZI
96ed022c-e7cf-40fe-875e-c53cac3878a5,tkUoOlRp,yBe1vUZcem
4a87f739-2cf4-4f99-b873-6e4e3639d1b6,HJrhXLpa,jsGo6mAgQ1
5b11b812-5236-4787-98d5-fc0694fae2f3,DmIz9sl2,zyQ5PSiR4r
213f72ba-94db-492f-9ffc-7f8d9cf9affc,qDqJSdlI,4hDXbeuYR8
2916eb24-2b85-41c8-b95f-047f0851e144,wFrzdKFv,XTjuXlYPSs
7c8c4df8-d367-456e-b300-e8c8620bdb1e,Re8eMBF0,ZFwSKRdTdp
14fa9755-d041-4093-b06a-29db110dea84,zXd4wLF3,YvFX77Bp8j
43156da7-3807-47ba-94a3-e1ba014c2c9a,flyvfAjv,ErhK6Kk6IX
2c00c380-10bf-466e-8d01-b654a58b5755,MtqtiYRZ,kmSFz5v8b8
7322ae7b-f012-409a-8fa5-e19250773d3d,IbMb3L9b,VmqOgIASqO
54123e15-baa6-4e8e-9c71-dfe8fc03e44a,LzGDGVeg,hM9BzSb3uc
3f29dea3-8088-4227-be56-c35b0c6719cd,ZYyHOWNP,1i8CQSYqMI
f604ed58-4418-43fb-9fca-965df90245bd,OKjhhhuE,AiJBgXEKkB
3ffd00e0-3cd4-4156-b775-67522f6be5dd,DjcjXiiQ,XCx7pAxbeT
37754d09-3170-4593-8083-11cd1d878704,md2Gh5IW,PKGBzXYRcj
3519b122-23a8-41d8-b3b5-519abc87d574,HCKZlh0b,mNuvsgITXs
5437d03e-550e-49b2-9308-a5f98619be4d,AnfKM73m,T7lhC1PVRl
d1d9dccd-761d-4982-b6ac-02578c100f0c,6oCPTDTH,q8PyXgn6xU
2db488f1-2802-4c4b-a24b-822b222800d9,V4eN6KcW,XLLZOia3By
086c10f5-e51d-42a5-9280-5b0172a50cbd,MlNT9ZtO,SzcYIWUd00
ceb64921-b23f-4ce8-ad0d-6a6523945fc1,Cj6UyRuM,as6BtoqkFt
c1e670f9-7918-4831-8489-295ce53cf6cf,Y3gGWpHO,IaNprJIAFt
2b8eb616-67f8-4282-a152-f6daf55d3198,3J6Lh7vq,CCkkCfFjN6
adf43dcd-670e-47c8-ba17-64709536ad0d,TJzYgcw7,BR2JWv0kma
f5691842-69d6-4513-bb56-556051f5e9b6,jEY76AxG,LZZ9qR7iBP
dfab12f8-f7d6-4526-8ce0-78f7896e98fb,TAJygWKo,MeQ5VicTMw
adb4eca6-1973-48c3-b859-6b2884eefcbd,NTXxwJnW,BRTpKm0Wvz
023f215e-c072-4ee8-91d5-71d21991e4d6,MgXUujkg,V5tB3ASbwa
a976042d-8a1e-4db9-b039-a31bda2c8387,QAfeQzUW,9p94UJyuXy
9742faec-ebb9-4241-b375-52b76090ffed,6rkEFR55,l65GWx6Srd
6ce37640-3c97-4b44-9b23-c9cbf848bb8b,kf4mr7x4,pAoN5TBPxR
98e4f355-5a33-46df-93e7-512888d90610,QXrviXGk,zQhNTSNJOn
e34cac10-9a74-4493-b2ab-11dd68d726fb,WZ1aEgtG,uKzJ9vEtFm
205d3fa7-140e-485b-8019-a21e67ea8aae,ufBPlSVG,6CH6NP6aqg
c02a6b6f-be1c-404f-bfbd-f644773bb6f8,APhPVNul,un6c76aDdw
5aa4177b-57ad-42d7-990a-2069c7e338a7,38oGCcgY,TIPfvYN9Vf
cd5d3ded-4e11-4bf8-a0be-4ef35f26b00d,GkQU16au,TZCsI25dfZ
ffa43e12-c7de-4085-8378-28939afaef49,cQYgM1Wd,hPsDk4N58u
f751f6e6-a65a-4476-883a-93ebdad3dc56,aVoETAKu,0Ajk7CQSDQ
c79365f7-6cdd-4855-a78d-4fd0bd2f96f1,85fgEiTL,EiqTT0ub5f
e987d23f-0106-48e2-9d86-d2257fc2525c,kQvAXydt,MOaWNcTKTf
4d00542a-8a0b-46c6-9c0f-409cb0c0c088,X55mcaVB,5sQ4JZMkTK
38fb9485-e9d6-4528-8419-31f2b0f5bee7,zRyaFGDO,zszkd2ASsp
79d47450-b7d6-4d37-9e76-d36fe183ef8a,o0wMVnxc,fg9qVW36Z0
ba019d9e-b3b2-4c76-bf2a-3f41f63b9360,lhv8i00K,bZbvadVURh
fd81077e-b467-4313-9878-be2e558edecf,RsRZGyPV,e1F30DQyWG
406c2429-e909-4a38-87bf-6c83389d3dfc,ttv5QWrx,1x8FD0HNcJ
d39e8516-35e5-409f-9fc3-141bc3b1d104,N7OUOptX,defeyTOSDD
831f0c3e-ca31-480d-9d84-bca634ede65d,AgNGfGph,iPUzHMsUwJ
00707b2c-5902-44f7-af2c-63c31461b963,s1EyO3yI,a7nnsDue8l
88d104a9-69d1-4081-bce0-283dabf98d61,AdxXm086,TgBDCIz96R
7473a04f-c72e-44e9-9c2a-99abe6698b0c,LLpWCPCl,hZWPcMY5A7
6ddb9b4c-ff27-4585-86b5-5e94ad8f6d1a,JViTr5GY,facjVhkRrY
b30cddeb-0adb-45bb-8a80-a6d0ca8fe8f2,F0XtnJZZ,Y9fXXl0Vgm
e2c6aa84-1f9a-42da-ba4f-31238b483b1c,17CJMEYh,EY3WOUeStl
fb4aa00d-ef6f-4eaa-bc38-e12096f5d4c0,Oui5KhWC,fZQnj4GMhM
2a0bbbd7-f316-4053-8d44-52a733cdc25c,OFGHSpsb,hgpWehm7Fb
116265c3-b177-4a60-b726-f3aed84885b8,djKzJMrZ,w5fMkPLfRX
3027d5d8-317c-4c38-b712-191ad00b9632,7SeDupjr,AKKhCvToSm
c8a10932-dff9-4a7e-8c10-dc2fb7714469,78khOrT6,ixjubuR5hi
f3b413f6-652a-44e6-a963-c681d3af3c8f,kDwSEx22,1A6nuJiGFm
f6d4eb81-9a6d-46ec-8023-90a686f03c0f,CUmQIoSX,uKEirTwseu
e35a086a-4220-48d2-9cfa-cc38c41f545d,rCKTjGFT,IGBJfkS39z
3dfa220f-e8c3-401f-8777-07683e4f57a2,6mXTopyK,7zbZvBZSrj
1ea1af86-e7c2-46be-bff6-fd4bb7001c1b,Hst0jsyj,nSTZrDCXJf
68191d97-51f5-4cb5-a3d1-f2b4d8c1c1ad,f1uw5348,itFXHdMXg4
be12a17b-1946-49e0-83bf-8055793c01b5,1bJDWs3l,iTYLgUzD5P
d8b60234-9949-4232-b171-ea7051a5d241,m0AAEnyG,qK58NRMC9w
52fe85f4-bc11-4528-af59-e53be8f47da7,6S9n062l,CDNk6p9npw
f3e6eb1b-02e8-4390-8674-21e310d69e6f,ozPz8HHW,d6jyaRdw2s
bb0d6573-44ad-4401-8c82-06dfe183bd78,dJois60s,jj0l6SniJR
d904c5a6-0ecd-476e-985d-6a61512b5d0e,9wSMFKlA,2BffsknwLj
e06bdc6b-ea31-45e6-a11a-b32210a33451,4a4dyUs6,kBrrPdfrsz
8e3f2584-383d-4713-a10d-9762c8f34d7f,jvehnwiC,Ox1ohInQ4z
900d7a49-b17c-47af-a7b5-3e968739f9b9,8Qg3Oo2C,89rUImeeuj
4738f0c7-6aca-4b4e-9bf6-0b4b55132742,MGg3AVNQ,dvXGGNuwc7
887f37ed-1a77-4d7d-8cf1-476fbad10b30,FLAqtYDq,xCgv45KFWm
e80445a4-5499-42aa-8c6a-5108bf6199cd,BLq8mLfr,GGRkSuU99y
e82e0d5e-a711-4204-bb85-e8fa1c88926d,ggKd2kui,MPc9s0dLhw
0076f19a-1cc2-47ac-bd8a-7d6a000fb6a6,cNwZ3gdk,4nY4Wpp9WW
e002bf72-baba-40f8-b4b8-958276a2b158,TUxr48tR,lEBIyNkMxA
d81a85b0-388b-4633-a50b-54ac6b203439,NvuJ47v2,v0BsDZyW97
CLT-fa6ab7ef-c4de-4cac-ba37-5c32784df1c4,User,testuser,password,visitor,,true
CLT-558ee0c4-a6e5-45ac-9b52-8d45ebfd8319,Staff,staffUser,pass123,staff,STAFF-001,true
CLT-59de45fb-e659-408f-83d4-d752c2b7c053,Client,clientUser,pass123,visitor,,true
CLT-6501aa65-5c08-4c6e-837d-2641a4d6f488,John Doe,johndoe,password123,visitor,,true
CLT-1ee5b14c-5a42-47bb-b15a-49b8efd091a8,Student,studentUser,pass123,student,STU-001,false
CLT-24e56e4e-2736-4e41-b6f0-f1d3207f4182,John Doe,johndoe,password123,visitor,,true
3286b1a3-96ba-4443-873a-1709f62fe68b,wRbSxg8Z,QyKZuPv54U
CLT-3c396d01-6a89-48ea-baaa-1990fdf80c5e,John Doe,johndoe,password123,visitor,,true
CLT-57cf2940-1935-4711-9917-b7fa3321cd24,Client,clientUser,pass123,visitor,,true
CLT-4742b749-5fda-4008-ae73-555cad558e38,User,testuser,password,visitor,,true
CLT-be60b1a7-17b8-44d4-bf59-041550ea010c,Staff,staffUser,pass123,staff,STAFF-001,true
CLT-22210a44-acf6-41a1-a039-830df3f31bba,Client,clientUser,pass123,visitor,,true
CLT-430f139c-8580-4a3b-a3b0-d052b765acaa,John Doe,johndoe,password123,visitor,,true
CLT-ef6960f9-8224-4cba-accc-2cf53511a0fa,Student,studentUser,pass123,student,STU-001,false
CLT-8f867441-67c7-4c9f-af7b-7bf5fc44bfb7,John Doe,johndoe,password123,visitor,,true
CLT-ade333a0-8731-40dc-aa08-36dd731dca0e,John Doe,johndoe,password123,visitor,,true
CLT-43f146a1-a2da-4d10-9a6c-914c498ef534,Staff,staffUser,pass123,staff,STAFF-001,true
CLT-e62f9f74-4f1c-4521-b405-94873fe08339,John Doe,johndoe,password123,visitor,,true
CLT-ad06bbea-cc89-4aa8-b8f9-45193670ed2e,Student,studentUser,pass123,student,STU-001,false
CLT-14412006-bef2-4e84-8df6-0b098a3b1281,John Doe,johndoe,password123,visitor,,true
CLT-9affaa76-6501-42f0-ba37-b8d27a284f33,John Doe,johndoe,password123,visitor,,true
CLT-e7bf6d40-5e5e-4758-8503-974bb8705eea,Staff,staffUser,pass123,staff,STAFF-001,true
CLT-afe2024d-bc33-49f9-819f-d0fa3986ec08,John Doe,johndoe,password123,visitor,,true
CLT-8bc15d7c-850a-4dfa-b896-b637459d2ea9,Student,studentUser,pass123,student,STU-001,false
CLT-58bd7cae-9c10-4ef6-8291-f517f9063f06,John Doe,johndoe,password123,visitor,,true
CLT-87af34d5-8894-46ae-9086-91bfc6f48de6,John Doe,johndoe,password123,visitor,,true
CLT-4c6dedd4-8908-4387-9ba9-5c7a8ec03483,Test User,testuser,password,regular,,true
CLT-0bf5fb2c-e2fd-4546-8dde-2294ed6c8a93,Test User,testuser,password,regular,,true
CLT-1ca2f8c7-71ab-46a6-91f2-28423bef512c,Test User,testuser,password,regular,,true
CLT-9cab0cfe-3874-47de-a084-77674b1a76ca,Test User,testuser,password,regular,,true
CLT-8f4deb55-db37-4e0e-aa88-0a5e22c818be,Test User,testuser,password,regular,,true
CLT-f2b0c6d3-a60e-47ea-84c4-2f7b69b45156,Test User,testuser,password,regular,,true
CLT-b0043a5b-6fcf-4c06-883c-082e9da7865c,Test User,testuser,password,regular,,true
CLT-e50c6fd4-2b79-4977-a507-b2506fe64005,Test User,testuser,password,regular,,true
CLT-a6dde810-de78-406c-9d57-13e750dc2f69,Test User,testuser,password,regular,,true
CLT-1962682e-d611-4731-859b-aaaff5ef81f4,Test User,testuser,password,regular,,true
CLT-b20c161a-5934-4c02-8af9-f43cc81cfcb2,Test User,testuser,password,regular,,true
CLT-395a85e6-d0c3-4690-a705-a9e249526c1f,Test User,testuser,password,regular,,true
CLT-d77586b2-a8e4-451c-be7a-90c6e1f199ee,Test User,testuser,password,regular,,true
CLT-01635a5c-1215-4c17-bed2-5e3e54cc1bda,Test User,testuser,password,regular,,true
CLT-9cc9143b-fbf2-463b-adbe-4a7ac999ea21,Test User,testuser,password,regular,,true
CLT-7ca45eaf-9075-49b7-b847-6ff338c7fc39,Test User,testuser,password,regular,,true
CLT-e3ae0848-2bae-41a4-bc40-e788e188b1df,Test User,testuser,password,regular,,true
CLT-a4f8775b-1b3c-4d0e-80c1-5953e0c5c6d5,Test User,testuser,password,regular,,true
CLT-a7fe3e15-afff-4700-93ae-b1f6c776475d,Test User,testuser,password,regular,,true
CLT-ee12faab-6295-4594-a7f3-b4faba280acb,Test User,testuser,password,regular,,true
CLT-ec828189-cce3-49e6-b377-9b64b0080ba3,Test User,testuser,password,regular,,true
CLT-fb5e45b6-4fb4-4a3a-98fa-099bd5475f81,Test User,testuser,password,regular,,true
CLT-4512089c-09f7-4828-957a-a7c01d943bba,Test User,testuser,password,regular,,true
CLT-73ffca3b-8408-4929-a9da-255b4cc830fc,Student,student1,pass,student,STU123,false
CLT-25356e78-0630-478c-a5af-14eda8a2f2b5,Test User,testuser,password,regular,,true
CLT-8f7d7d94-df03-4e8d-a558-386662f65b31,Test User,testuser,password,regular,,true
CLT-84355088-c439-4049-beb2-958438f078ba,Test User,testuser,password,regular,,true
CLT-0acd8469-6590-4e91-968b-0429cbcdc9b8,Test User,testuser,password,regular,,true
CLT-0343e81c-9b43-4a6d-b5fa-c5d9fa7691e4,Test User,testuser,password,regular,,true
CLT-7e41be4d-5040-42d5-9475-9f3564fce80f,Test User,testuser,password,regular,,true
CLT-32564cab-66ad-4d48-adb8-a4393b57ae11,Test User,testuser,password,regular,,true
CLT-28ea3d20-23c9-4c40-be72-204e9259a00e,Test User,testuser,password,regular,,true
CLT-460abc62-879e-4b2b-8d9d-e195732d36db,Test User,testuser,password,regular,,true
CLT-8c591bc4-d885-419b-9343-aa00dc769c1c,Test User,testuser,password,regular,,true
CLT-e23b1b2e-1134-44dd-8198-0b6619f970bc,Test User,testuser,password,regular,,true
CLT-1a6569e7-ec4e-4373-9675-ff23376e7c1e,Test User,testuser,password,regular,,true
CLT-4c0a6e40-6198-461d-9e96-f77457cb67fd,Test User,testuser,password,regular,,true
CLT-134f8335-ebd8-4451-9de6-7bc9a9ef64f5,Test User,testuser,password,regular,,true
CLT-481dc1ce-8377-4d4c-8d81-7f3580ac4240,Test User,testuser,password,regular,,true
CLT-8417b31a-c941-465d-b79c-c7ad5888ed5a,Test User,testuser,password,regular,,true
CLT-ae675343-6ddf-4733-92b4-3ff24cdb2109,Test User,testuser,password,regular,,true
CLT-eea4b716-c9bc-4a21-b3e2-86dfe8c57c65,Test User,testuser,password,regular,,true
CLT-1e9efd87-12fe-4a3d-9131-45d32097d051,Test User,testuser,password,regular,,true
CLT-47967a0d-87a3-4a13-bc6f-8d93976422cd,Test User,testuser,password,regular,,true
CLT-a4ef5af4-b31d-42a9-8a3c-df98b1337994,Test User,testuser,password,regular,,true
CLT-f1a66676-d007-49b5-b595-5c3fb510bdd7,Test User,testuser,password,regular,,true
CLT-97bb3ea8-a87e-40b6-833c-1009e5662599,Test User,testuser,password,regular,,true
CLT-8066c9a2-ffe6-4b62-8a3d-cc01b82925fe,Test User,testuser,password,regular,,true
CLT-b9011840-bdfa-4346-bb96-3b13b1f02df1,Test User,testuser,password,regular,,true
CLT-bce0f24f-fcba-4443-b7f4-1eeb4a0d92d6,Test User,testuser,password,regular,,true
CLT-badde40e-e456-450d-aba4-c5033e922aaa,Test User,testuser,password,regular,,true
CLT-3f737739-ac03-48a1-a7a5-069c3d803850,Test User,testuser,password,regular,,true
CLT-5fa335e2-1506-4cda-b4f1-fe375ef76c2e,Test User,testuser,password,regular,,true
CLT-28cd6013-7e76-43e3-a8a4-dbb5564a63a5,Test User,testuser,password,regular,,true
CLT-58e0b807-c44e-4fd4-9145-110882a2d406,Test User,testuser,password,regular,,true
CLT-2db201fb-1b25-4be2-bebf-a2865920edc0,Test User,testuser,password,regular,,true
CLT-6264ae43-6de2-4fc5-addf-7b38aa212c0b,Test User,testuser,password,regular,,true
CLT-c349c4c2-c9cc-4e27-9d65-89d4538607f2,Test User,testuser,password,regular,,true
CLT-f0a6f29b-8d15-4231-b8ab-71caeffe9845,Test User,testuser,password,regular,,true
CLT-ec53af72-34f5-4543-9ad9-825ba46d3644,Test User,testuser,password,regular,,true
CLT-4f5770a4-e1b0-4a7a-ad75-d31ac4e14203,Test User,testuser,password,regular,,true
CLT-3d60e474-f241-4b0b-83e8-9a9b88e14a39,Test User,testuser,password,regular,,true
CLT-eb825310-72ae-4969-ac3f-0d77d58acaf3,Test User,testuser,password,regular,,true
CLT-b0398356-a144-455c-a695-27bc795f7c55,Test User,testuser,password,regular,,true
CLT-69ae79aa-41ca-42a8-87b8-786018f5898f,Test User,testuser,password,regular,,true
CLT-5b8cfbb1-ef5c-40f3-ae88-1751aa612554,Test User,testuser,password,regular,,true
CLT-28f45e5d-8821-4959-99a6-ced85b1395ba,Test User,testuser,password,regular,,true
CLT-3a13a134-9a0f-4d83-811e-8f4c6d431052,Test User,testuser,password,regular,,true
CLT-1ed4d32c-8e1b-4b34-978c-2caddfe106d0,Test User,testuser,password,regular,,true
CLT-6f4b2ef9-7d33-449d-b44e-e023719dac7b,Test User,testuser,password,regular,,true
CLT-6c786297-63a2-4284-86c9-04b69a7f3354,Test User,testuser,password,regular,,true
CLT-5dc260ec-7e81-4734-98d1-b6d4772964b1,Test User,testuser,password,regular,,true
CLT-90dd5e2d-8336-41a3-aa85-3f3bc4ce051d,Test User,testuser,password,regular,,true
CLT-e54d9d65-7572-44d2-bd18-9c89a222c5ec,Test User,testuser,password,regular,,true
CLT-0039211f-abd4-4cfb-84fe-af0f8e24f237,Test User,testuser,password,regular,,true
CLT-d59c7297-d402-4c28-b551-d7379f7fd001,Test User,testuser,password,regular,,true
CLT-e1a11adb-85e4-4f9e-be87-29b6e92ded78,Test User,testuser,password,regular,,true
CLT-12d099c6-18cd-4be1-b4c7-7a4c5a1388fb,Test User,testuser,password,regular,,true
CLT-2272a1ed-34ca-40df-8b22-93de807ac2af,Test User,testuser,password,regular,,true
CLT-7a6b45d3-cd7b-40d5-a426-23819bf2bca6,Test User,testuser,password,regular,,true
CLT-d3f6646a-d336-4261-a12a-1cf170689b52,Test User,testuser,password,regular,,true
CLT-2f1ea501-5782-49b4-8acb-fb2abf70dcd9,Test User,testuser,password,regular,,true
CLT-adf1ed89-8c9b-4a22-95a9-80c8fc9fa8dd,Staff,staffUser,pass123,staff,STAFF-001,true
CLT-6b399475-e6ad-42c9-8332-2e3cba997e0f,John Doe,johndoe,password123,visitor,,true
CLT-b71c66de-926d-4f2b-ba7e-7ae965a25560,Student,studentUser,pass123,student,STU-001,false
CLT-fb59efd6-0b74-4edb-a91d-d69b2ded3318,John Doe,johndoe,password123,visitor,,true
CLT-d772a0a3-b842-4e6b-84f7-7229406fdfbc,John Doe,johndoe,password123,visitor,,true
79444fcf-72f2-4896-b8b1-ac1914486e65,QW8RlgMg,DQCz2LAK45
78c723ea-0233-4e44-8512-4d1f5c665b31,twotAcBx,62gAkSSy3B
168919bb-5111-460d-8aa3-4963006e647e,TtvjctU1,AQG17E5Cpr
91a64df5-d966-4324-9a7b-06ffb3e3a82e,92ZBOf1e,Nz4itJWpxE
b96ce348-ea1d-47ee-9db5-76b13f225fec,9N2d36DS,CpmD7SjdJm
5ab6f65b-2447-4b40-a65c-ccf3f062017a,iAFaINyr,ih0Z4DwPQZ
eaaf945e-acd6-475d-bc31-88f0fa46c2cb,wMrEMB3f,GqfOanYC52
3fc33dbe-2c73-4db8-abc6-4606242f1040,VkLNlNgH,OR1zTiGmd0
CLT-2cf4e86c-edd6-4b83-97f5-ac58c179361f,Test User,testuser,password,student,studentId123,true
CLT-ff0bcb26-7d3a-4081-ae5a-8fa0497e455c,Test User,testuser,password,student,studentId123,true
CLT-ab35236d-3c4e-42bf-9077-60c5d440e7ee,Carol,carol123,pass789,student,studentId4,true
CLT-8d1909ff-45b9-4079-b40e-c634567fb0a8,Alice,alice123,pass123,student,studentId,true
CLT-08e8542a-db6d-4570-9542-f5c28a28e7f5,Carol,carol123,pass789,student,studentId4,true
CLT-458a49b2-a1b2-49ec-8385-f08993e69187,Bob,bob123,pass456,student,studentId2,false
CLT-3d82f7f8-ee8c-43ff-aec7-6a882c34318f,Frank,frank123,pass000,student,studentId6,false
245299b6-2f85-4f13-813a-441129259a07,fxB7OMxX,2SXNFo4x1U
CLT-0f5ee675-5f38-4a74-ad68-1b82cf200e41,David,david123,password,faculty,facultyId,true
CLT-c14be691-e37c-406a-9d22-0a9f92264ce2,Eve,eve123,correctpass,staff,staffId,true
CLT-6de3f6a3-9008-44ba-a47d-f97113754024,TestClient,testuser,testpass,student,studentId7,true
67088a53-32ce-4e26-96fe-15ff3658b564,axisXdY2,xcmRmZAVXP
CLT-1c6440e3-5667-4611-942f-2cdbc0370db1,Test Client,testUser8825c717-1e08-4eb2-a5cb-044813922e06,password,visitor,,true
CLT-d0680171-4c16-40b3-9bcd-dd13ced06e44,Test Client,testUser4d684273-d513-4105-9a05-3d1476718b8f,password,visitor,,true
ba1ba3f6-8074-4e01-bc27-ca181e579353,FzGMcQqg,T0yI0wuThk
CLT-9a04a57b-c100-408e-a95d-f7f5c9651b56,Test User,testuser,password,student,studentId123,true
CLT-dd2e9f5f-23eb-4468-a95a-d6ee2053cd2d,Test Client,testUser7fae130f-492b-467a-9c76-5bb129f84f3d,password,visitor,,true
CLT-cf85955c-0fc1-41c9-abbb-4de2f49e49ae,Test Client,testUser104bd2b4-87c7-4f23-80de-8621abda1d9f,password,visitor,,true
bb921cb9-9e15-4860-8b2d-0a0e5941186e,2jmjUI0C,aOBxqVev6g
bd04387b-336a-4a7c-b5d6-9c2e06de2a9d,IqYCpMdK,lsejvQbIZN
d26b38d7-4459-4183-b67d-89716b7ba0d5,FBiFABGo,Cuzml9U4L3
86b057fc-5cac-4c96-99d4-95bc8cd98279,KXLIy19K,j9jky1VMX2
b0171b54-970c-4157-ae82-1137043dd8d5,gvHVIob6,rlJPvP96yZ
23afedc2-0923-4aee-a41b-5def6b8be864,EAlc6wXr,K1isAleMCZ
44f0b1a9-9086-4a72-9250-8d69edaa9354,RfDcbe0i,pbhNkJ1ftf
68aa0c56-4076-4578-8f5f-5f7b59cb26bc,KzNUVqHZ,TcQ6qdqRua
ca86e39b-e456-4e50-a4e4-91acfef16127,Rwo9NYBz,Sctzrgql2h
CLT-491c5262-c77b-4ea8-a313-61140532d3d2,Test User,testuser,password,student,studentId123,true
CLT-5cf5759c-4091-4958-8b31-898cb4794d1c,Carol,carol123,pass789,student,studentId4,true
CLT-e62604da-09d5-44cc-981d-1fee304d7dae,Alice,alice123,pass123,student,studentId,true
CLT-12b5efde-5595-4f65-9aa0-2836ed57ee08,Carol,carol123,pass789,student,studentId4,true
CLT-e19f0cb8-9978-4391-bc0f-7ab89be86d1c,Bob,bob123,pass456,student,studentId2,false
CLT-6ccad691-2252-4657-86f0-4523771d1609,Frank,frank123,pass000,student,studentId6,false
78fc1413-1aad-4326-afaf-394b16255dee,fXk9EYkK,CBVa1hkLrv
CLT-89c23fe2-5030-4f19-9c81-94f45f007bc0,David,david123,password,faculty,facultyId,true
CLT-9dadbcc8-3096-4f97-ada2-fc485d40585f,Eve,eve123,correctpass,staff,staffId,true
CLT-0079b22f-e64c-4dc6-89b3-d390b669a9b1,TestClient,testuser,testpass,student,studentId7,true
7dc737e3-8653-4be5-bb27-0ab70a03339a,DthSKSx5,HYlypbUDwj
CLT-e66bb06b-19ca-495f-a5ac-2c1ef46410c8,Staff,staffUser,pass123,staff,STAFF-001,true
CLT-8b4439d2-76ef-4dae-a6cc-6f4fa6cfc860,John Doe,johndoe,password123,visitor,,true
CLT-8320d24d-618e-4d82-afae-7946fe95b985,Student,studentUser,pass123,student,STU-001,false
CLT-f505ef28-d775-4768-916a-feac5c4c749b,John Doe,johndoe,password123,visitor,,true
CLT-21a35fce-c801-461b-af1f-398d06ed1f78,John Doe,johndoe,password123,visitor,,true
